onset	duration	trial_type	value	sample
0.1953125	1.5	vowel_a	1	50
2.5859375	1.5	vowel_a	1	662
4.9765625	1.5	vowel_a	1	1274
7.3671875	1.5	vowel_a	1	1886
9.7578125	1.5	vowel_a	1	2498
12.1484375	1.5	vowel_a	1	3110
14.5390625	1.5	vowel_a	1	3722
16.9296875	1.5	vowel_a	1	4334
19.3203125	1.5	vowel_a	1	4946
21.7109375	1.5	vowel_a	1	5558
24.1015625	1.5	vowel_a	1	6170
26.4921875	1.5	vowel_a	1	6782
28.8828125	1.5	vowel_a	1	7394
31.2734375	1.5	vowel_a	1	8006
33.6640625	1.5	vowel_a	1	8618
36.0546875	1.5	vowel_a	1	9230
38.4453125	1.5	vowel_a	1	9842
40.8359375	1.5	vowel_a	1	10454
43.2265625	1.5	vowel_a	1	11066
45.6171875	1.5	vowel_a	1	11678
48.0078125	1.5	vowel_a	1	12290
50.3984375	1.5	vowel_a	1	12902
52.7890625	1.5	vowel_a	1	13514
55.1796875	1.5	vowel_a	1	14126
57.5703125	1.5	vowel_a	1	14738
59.9609375	1.5	vowel_a	1	15350
62.3515625	1.5	vowel_a	1	15962
64.7421875	1.5	vowel_a	1	16574
67.1328125	1.5	vowel_a	1	17186
69.5234375	1.5	vowel_a	1	17798
71.9140625	1.5	vowel_a	1	18410
74.3046875	1.5	vowel_a	1	19022
76.6953125	1.5	vowel_a	1	19634
79.0859375	1.5	vowel_a	1	20246
81.4765625	1.5	vowel_a	1	20858
83.8671875	1.5	vowel_a	1	21470
86.2578125	1.5	vowel_a	1	22082
88.6484375	1.5	vowel_a	1	22694
91.0390625	1.5	vowel_a	1	23306
93.4296875	1.5	vowel_a	1	23918
95.8203125	1.5	vowel_a	1	24530
98.2109375	1.5	vowel_a	1	25142
100.6015625	1.5	vowel_a	1	25754
102.9921875	1.5	vowel_a	1	26366
105.3828125	1.5	vowel_a	1	26978
107.7734375	1.5	vowel_a	1	27590
110.1640625	1.5	vowel_a	1	28202
112.5546875	1.5	vowel_a	1	28814
114.9453125	1.5	vowel_a	1	29426
117.3359375	1.5	vowel_a	1	30038
119.7265625	1.5	vowel_a	1	30650
122.1171875	1.5	vowel_a	1	31262
124.5078125	1.5	vowel_a	1	31874
126.8984375	1.5	vowel_a	1	32486
129.2890625	1.5	vowel_a	1	33098
131.6796875	1.5	vowel_a	1	33710
134.0703125	1.5	vowel_a	1	34322
136.4609375	1.5	vowel_a	1	34934
138.8515625	1.5	vowel_a	1	35546
141.2421875	1.5	vowel_a	1	36158
143.6328125	1.5	vowel_a	1	36770
146.0234375	1.5	vowel_a	1	37382
148.4140625	1.5	vowel_a	1	37994
150.8046875	1.5	vowel_a	1	38606
153.1953125	1.5	vowel_a	1	39218
155.5859375	1.5	vowel_a	1	39830
157.9765625	1.5	vowel_a	1	40442
160.3671875	1.5	vowel_a	1	41054
162.7578125	1.5	vowel_a	1	41666
165.1484375	1.5	vowel_a	1	42278
167.5390625	1.5	vowel_a	1	42890
169.9296875	1.5	vowel_a	1	43502
172.3203125	1.5	vowel_a	1	44114
174.7109375	1.5	vowel_a	1	44726
177.1015625	1.5	vowel_a	1	45338
179.4921875	1.5	vowel_a	1	45950
181.8828125	1.5	vowel_a	1	46562
184.2734375	1.5	vowel_a	1	47174
186.6640625	1.5	vowel_a	1	47786
189.0546875	1.5	vowel_a	1	48398
191.4453125	1.5	vowel_a	1	49010
193.8359375	1.5	vowel_a	1	49622
196.2265625	1.5	vowel_a	1	50234
198.6171875	1.5	vowel_a	1	50846
201.0078125	1.5	vowel_a	1	51458
203.3984375	1.5	vowel_a	1	52070
205.7890625	1.5	vowel_a	1	52682
208.1796875	1.5	vowel_a	1	53294
210.5703125	1.5	vowel_a	1	53906
212.9609375	1.5	vowel_a	1	54518
215.3515625	1.5	vowel_a	1	55130
217.7421875	1.5	vowel_a	1	55742
220.1328125	1.5	vowel_a	1	56354
222.5234375	1.5	vowel_a	1	56966
224.9140625	1.5	vowel_a	1	57578
227.3046875	1.5	vowel_a	1	58190
229.6953125	1.5	vowel_a	1	58802
232.0859375	1.5	vowel_a	1	59414
234.4765625	1.5	vowel_a	1	60026
236.8671875	1.5	vowel_a	1	60638
239.2578125	1.5	vowel_a	1	61250
241.6484375	1.5	vowel_a	1	61862
244.0390625	1.5	vowel_a	1	62474
246.4296875	1.5	vowel_a	1	63086
248.8203125	1.5	vowel_a	1	63698
251.2109375	1.5	vowel_a	1	64310
253.6015625	1.5	vowel_a	1	64922
255.9921875	1.5	vowel_a	1	65534
258.3828125	1.5	vowel_a	1	66146
260.7734375	1.5	vowel_a	1	66758
263.1640625	1.5	vowel_a	1	67370
265.5546875	1.5	vowel_a	1	67982
267.9453125	1.5	vowel_a	1	68594
270.3359375	1.5	vowel_a	1	69206
272.7265625	1.5	vowel_a	1	69818
275.1171875	1.5	vowel_a	1	70430
277.5078125	1.5	vowel_a	1	71042
279.8984375	1.5	vowel_a	1	71654
282.2890625	1.5	vowel_a	1	72266
284.6796875	1.5	vowel_a	1	72878
287.0703125	1.5	vowel_a	1	73490
289.4609375	1.5	vowel_a	1	74102
291.8515625	1.5	vowel_a	1	74714
294.2421875	1.5	vowel_a	1	75326
296.6328125	1.5	vowel_a	1	75938
299.0234375	1.5	vowel_a	1	76550
301.4140625	1.5	vowel_a	1	77162
303.8046875	1.5	vowel_a	1	77774
306.1953125	1.5	vowel_a	1	78386
308.5859375	1.5	vowel_a	1	78998
310.9765625	1.5	vowel_a	1	79610
313.3671875	1.5	vowel_a	1	80222
315.7578125	1.5	vowel_a	1	80834
318.1484375	1.5	vowel_a	1	81446
320.5390625	1.5	vowel_a	1	82058
322.9296875	1.5	vowel_a	1	82670
325.3203125	1.5	vowel_a	1	83282
327.7109375	1.5	vowel_a	1	83894
330.1015625	1.5	vowel_a	1	84506
332.4921875	1.5	vowel_a	1	85118
334.8828125	1.5	vowel_a	1	85730
337.2734375	1.5	vowel_a	1	86342
339.6640625	1.5	vowel_a	1	86954
342.0546875	1.5	vowel_a	1	87566
344.4453125	1.5	vowel_a	1	88178
346.8359375	1.5	vowel_a	1	88790
349.2265625	1.5	vowel_a	1	89402
351.6171875	1.5	vowel_a	1	90014
354.0078125	1.5	vowel_a	1	90626
356.3984375	1.5	vowel_a	1	91238
358.7890625	1.5	vowel_a	1	91850
361.1796875	1.5	vowel_a	1	92462
363.5703125	1.5	vowel_a	1	93074
365.9609375	1.5	vowel_a	1	93686
368.3515625	1.5	vowel_a	1	94298
370.7421875	1.5	vowel_a	1	94910
373.1328125	1.5	vowel_a	1	95522
375.5234375	1.5	vowel_a	1	96134
377.9140625	1.5	vowel_a	1	96746
380.3046875	1.5	vowel_a	1	97358
382.6953125	1.5	vowel_a	1	97970
385.0859375	1.5	vowel_a	1	98582
387.4765625	1.5	vowel_a	1	99194
389.8671875	1.5	vowel_a	1	99806
392.2578125	1.5	vowel_a	1	100418
394.6484375	1.5	vowel_a	1	101030
397.0390625	1.5	vowel_a	1	101642
399.4296875	1.5	vowel_a	1	102254
401.8203125	1.5	vowel_a	1	102866
404.2109375	1.5	vowel_a	1	103478
406.6015625	1.5	vowel_a	1	104090
408.9921875	1.5	vowel_a	1	104702
411.3828125	1.5	vowel_a	1	105314
413.7734375	1.5	vowel_a	1	105926
416.1640625	1.5	vowel_a	1	106538
418.5546875	1.5	vowel_a	1	107150
420.9453125	1.5	vowel_a	1	107762
423.3359375	1.5	vowel_a	1	108374
425.7265625	1.5	vowel_a	1	108986
428.1171875	1.5	vowel_a	1	109598
430.5078125	1.5	vowel_a	1	110210
432.8984375	1.5	vowel_a	1	110822
435.2890625	1.5	vowel_a	1	111434
437.6796875	1.5	vowel_a	1	112046
440.0703125	1.5	vowel_a	1	112658
442.4609375	1.5	vowel_a	1	113270
444.8515625	1.5	vowel_a	1	113882
447.2421875	1.5	vowel_a	1	114494
449.6328125	1.5	vowel_a	1	115106
452.0234375	1.5	vowel_a	1	115718
454.4140625	1.5	vowel_a	1	116330
456.8046875	1.5	vowel_a	1	116942
459.1953125	1.5	vowel_a	1	117554
461.5859375	1.5	vowel_a	1	118166
463.9765625	1.5	vowel_a	1	118778
466.3671875	1.5	vowel_a	1	119390
468.7578125	1.5	vowel_a	1	120002
471.1484375	1.5	vowel_a	1	120614
473.5390625	1.5	vowel_a	1	121226
475.9296875	1.5	vowel_a	1	121838
478.3203125	1.5	vowel_a	1	122450
480.7109375	1.5	vowel_a	1	123062
483.1015625	1.5	vowel_a	1	123674
485.4921875	1.5	vowel_a	1	124286
487.8828125	1.5	vowel_a	1	124898
490.2734375	1.5	vowel_a	1	125510
492.6640625	1.5	vowel_a	1	126122
495.0546875	1.5	vowel_a	1	126734
497.4453125	1.5	vowel_a	1	127346
499.8359375	1.5	vowel_a	1	127958
502.2265625	1.5	vowel_a	1	128570
504.6171875	1.5	vowel_a	1	129182
507.0078125	1.5	vowel_a	1	129794
509.3984375	1.5	vowel_a	1	130406
511.7890625	1.5	vowel_a	1	131018
514.1796875	1.5	vowel_a	1	131630
516.5703125	1.5	vowel_a	1	132242
518.9609375	1.5	vowel_a	1	132854
521.3515625	1.5	vowel_a	1	133466
523.7421875	1.5	vowel_a	1	134078
526.1328125	1.5	vowel_a	1	134690
528.5234375	1.5	vowel_a	1	135302
530.9140625	1.5	vowel_a	1	135914
533.3046875	1.5	vowel_a	1	136526
535.6953125	1.5	vowel_a	1	137138
538.0859375	1.5	vowel_a	1	137750
540.4765625	1.5	vowel_a	1	138362
542.8671875	1.5	vowel_a	1	138974
545.2578125	1.5	vowel_a	1	139586
547.6484375	1.5	vowel_a	1	140198
550.0390625	1.5	vowel_a	1	140810
552.4296875	1.5	vowel_a	1	141422
554.8203125	1.5	vowel_a	1	142034
557.2109375	1.5	vowel_a	1	142646
559.6015625	1.5	vowel_a	1	143258
561.9921875	1.5	vowel_a	1	143870
564.3828125	1.5	vowel_a	1	144482
566.7734375	1.5	vowel_a	1	145094
569.1640625	1.5	vowel_a	1	145706
571.5546875	1.5	vowel_a	1	146318
573.9453125	1.5	vowel_a	1	146930
576.3359375	1.5	vowel_a	1	147542
578.7265625	1.5	vowel_a	1	148154
581.1171875	1.5	vowel_a	1	148766
583.5078125	1.5	vowel_a	1	149378
585.8984375	1.5	vowel_a	1	149990
588.2890625	1.5	vowel_a	1	150602
590.6796875	1.5	vowel_a	1	151214
593.0703125	1.5	vowel_a	1	151826
595.4609375	1.5	vowel_a	1	152438
597.8515625	1.5	vowel_a	1	153050
600.2421875	1.5	vowel_a	1	153662
602.6328125	1.5	vowel_a	1	154274
605.0234375	1.5	vowel_a	1	154886
607.4140625	1.5	vowel_a	1	155498
609.8046875	1.5	vowel_a	1	156110
612.1953125	1.5	vowel_a	1	156722
614.5859375	1.5	vowel_a	1	157334
616.9765625	1.5	vowel_a	1	157946
619.3671875	1.5	vowel_a	1	158558
621.7578125	1.5	vowel_a	1	159170
624.1484375	1.5	vowel_a	1	159782
626.5390625	1.5	vowel_a	1	160394
628.9296875	1.5	vowel_a	1	161006
631.3203125	1.5	vowel_a	1	161618
633.7109375	1.5	vowel_a	1	162230
636.1015625	1.5	vowel_a	1	162842
638.4921875	1.5	vowel_a	1	163454
640.8828125	1.5	vowel_a	1	164066
643.2734375	1.5	vowel_a	1	164678
645.6640625	1.5	vowel_a	1	165290
648.0546875	1.5	vowel_a	1	165902
650.4453125	1.5	vowel_a	1	166514
652.8359375	1.5	vowel_a	1	167126
655.2265625	1.5	vowel_a	1	167738
657.6171875	1.5	vowel_a	1	168350
660.0078125	1.5	vowel_a	1	168962
662.3984375	1.5	vowel_a	1	169574
664.7890625	1.5	vowel_a	1	170186
667.1796875	1.5	vowel_a	1	170798
669.5703125	1.5	vowel_a	1	171410
671.9609375	1.5	vowel_a	1	172022
674.3515625	1.5	vowel_a	1	172634
676.7421875	1.5	vowel_a	1	173246
679.1328125	1.5	vowel_a	1	173858
681.5234375	1.5	vowel_a	1	174470
683.9140625	1.5	vowel_a	1	175082
686.3046875	1.5	vowel_a	1	175694
688.6953125	1.5	vowel_a	1	176306
691.0859375	1.5	vowel_a	1	176918
693.4765625	1.5	vowel_a	1	177530
695.8671875	1.5	vowel_a	1	178142
698.2578125	1.5	vowel_a	1	178754
700.6484375	1.5	vowel_a	1	179366
703.0390625	1.5	vowel_a	1	179978
705.4296875	1.5	vowel_a	1	180590
707.8203125	1.5	vowel_a	1	181202
710.2109375	1.5	vowel_a	1	181814
712.6015625	1.5	vowel_a	1	182426
714.9921875	1.5	vowel_a	1	183038
717.3828125	1.5	vowel_i	2	183650
719.7734375	1.5	vowel_i	2	184262
722.1640625	1.5	vowel_i	2	184874
724.5546875	1.5	vowel_i	2	185486
726.9453125	1.5	vowel_i	2	186098
729.3359375	1.5	vowel_i	2	186710
731.7265625	1.5	vowel_i	2	187322
734.1171875	1.5	vowel_i	2	187934
736.5078125	1.5	vowel_i	2	188546
738.8984375	1.5	vowel_i	2	189158
741.2890625	1.5	vowel_i	2	189770
743.6796875	1.5	vowel_i	2	190382
746.0703125	1.5	vowel_i	2	190994
748.4609375	1.5	vowel_i	2	191606
750.8515625	1.5	vowel_i	2	192218
753.2421875	1.5	vowel_i	2	192830
755.6328125	1.5	vowel_i	2	193442
758.0234375	1.5	vowel_i	2	194054
760.4140625	1.5	vowel_i	2	194666
762.8046875	1.5	vowel_i	2	195278
765.1953125	1.5	vowel_i	2	195890
767.5859375	1.5	vowel_i	2	196502
769.9765625	1.5	vowel_i	2	197114
772.3671875	1.5	vowel_i	2	197726
774.7578125	1.5	vowel_i	2	198338
777.1484375	1.5	vowel_i	2	198950
779.5390625	1.5	vowel_i	2	199562
781.9296875	1.5	vowel_i	2	200174
784.3203125	1.5	vowel_i	2	200786
786.7109375	1.5	vowel_i	2	201398
789.1015625	1.5	vowel_i	2	202010
791.4921875	1.5	vowel_i	2	202622
793.8828125	1.5	vowel_i	2	203234
796.2734375	1.5	vowel_i	2	203846
798.6640625	1.5	vowel_i	2	204458
801.0546875	1.5	vowel_i	2	205070
803.4453125	1.5	vowel_i	2	205682
805.8359375	1.5	vowel_i	2	206294
808.2265625	1.5	vowel_i	2	206906
810.6171875	1.5	vowel_i	2	207518
813.0078125	1.5	vowel_i	2	208130
815.3984375	1.5	vowel_i	2	208742
817.7890625	1.5	vowel_i	2	209354
820.1796875	1.5	vowel_i	2	209966
822.5703125	1.5	vowel_i	2	210578
824.9609375	1.5	vowel_i	2	211190
827.3515625	1.5	vowel_i	2	211802
829.7421875	1.5	vowel_i	2	212414
832.1328125	1.5	vowel_i	2	213026
834.5234375	1.5	vowel_i	2	213638
836.9140625	1.5	vowel_i	2	214250
839.3046875	1.5	vowel_i	2	214862
841.6953125	1.5	vowel_i	2	215474
844.0859375	1.5	vowel_i	2	216086
846.4765625	1.5	vowel_i	2	216698
848.8671875	1.5	vowel_i	2	217310
851.2578125	1.5	vowel_i	2	217922
853.6484375	1.5	vowel_i	2	218534
856.0390625	1.5	vowel_i	2	219146
858.4296875	1.5	vowel_i	2	219758
860.8203125	1.5	vowel_i	2	220370
863.2109375	1.5	vowel_i	2	220982
865.6015625	1.5	vowel_i	2	221594
867.9921875	1.5	vowel_i	2	222206
870.3828125	1.5	vowel_i	2	222818
872.7734375	1.5	vowel_i	2	223430
875.1640625	1.5	vowel_i	2	224042
877.5546875	1.5	vowel_i	2	224654
879.9453125	1.5	vowel_i	2	225266
882.3359375	1.5	vowel_i	2	225878
884.7265625	1.5	vowel_i	2	226490
887.1171875	1.5	vowel_i	2	227102
889.5078125	1.5	vowel_i	2	227714
891.8984375	1.5	vowel_i	2	228326
894.2890625	1.5	vowel_i	2	228938
896.6796875	1.5	vowel_i	2	229550
899.0703125	1.5	vowel_i	2	230162
901.4609375	1.5	vowel_i	2	230774
903.8515625	1.5	vowel_i	2	231386
906.2421875	1.5	vowel_i	2	231998
908.6328125	1.5	vowel_i	2	232610
911.0234375	1.5	vowel_i	2	233222
913.4140625	1.5	vowel_i	2	233834
915.8046875	1.5	vowel_i	2	234446
918.1953125	1.5	vowel_i	2	235058
920.5859375	1.5	vowel_i	2	235670
922.9765625	1.5	vowel_i	2	236282
925.3671875	1.5	vowel_i	2	236894
927.7578125	1.5	vowel_i	2	237506
930.1484375	1.5	vowel_i	2	238118
932.5390625	1.5	vowel_i	2	238730
934.9296875	1.5	vowel_i	2	239342
937.3203125	1.5	vowel_i	2	239954
939.7109375	1.5	vowel_i	2	240566
942.1015625	1.5	vowel_i	2	241178
944.4921875	1.5	vowel_i	2	241790
946.8828125	1.5	vowel_i	2	242402
949.2734375	1.5	vowel_i	2	243014
951.6640625	1.5	vowel_i	2	243626
954.0546875	1.5	vowel_i	2	244238
956.4453125	1.5	vowel_i	2	244850
958.8359375	1.5	vowel_i	2	245462
961.2265625	1.5	vowel_i	2	246074
963.6171875	1.5	vowel_i	2	246686
966.0078125	1.5	vowel_i	2	247298
968.3984375	1.5	vowel_i	2	247910
970.7890625	1.5	vowel_i	2	248522
973.1796875	1.5	vowel_i	2	249134
975.5703125	1.5	vowel_i	2	249746
977.9609375	1.5	vowel_i	2	250358
980.3515625	1.5	vowel_i	2	250970
982.7421875	1.5	vowel_i	2	251582
985.1328125	1.5	vowel_i	2	252194
987.5234375	1.5	vowel_i	2	252806
989.9140625	1.5	vowel_i	2	253418
992.3046875	1.5	vowel_i	2	254030
994.6953125	1.5	vowel_i	2	254642
997.0859375	1.5	vowel_i	2	255254
999.4765625	1.5	vowel_i	2	255866
1001.8671875	1.5	vowel_i	2	256478
1004.2578125	1.5	vowel_i	2	257090
1006.6484375	1.5	vowel_i	2	257702
1009.0390625	1.5	vowel_i	2	258314
1011.4296875	1.5	vowel_i	2	258926
1013.8203125	1.5	vowel_i	2	259538
1016.2109375	1.5	vowel_i	2	260150
1018.6015625	1.5	vowel_i	2	260762
1020.9921875	1.5	vowel_i	2	261374
1023.3828125	1.5	vowel_i	2	261986
1025.7734375	1.5	vowel_i	2	262598
1028.1640625	1.5	vowel_i	2	263210
1030.5546875	1.5	vowel_i	2	263822
1032.9453125	1.5	vowel_i	2	264434
1035.3359375	1.5	vowel_i	2	265046
1037.7265625	1.5	vowel_i	2	265658
1040.1171875	1.5	vowel_i	2	266270
1042.5078125	1.5	vowel_i	2	266882
1044.8984375	1.5	vowel_i	2	267494
1047.2890625	1.5	vowel_i	2	268106
1049.6796875	1.5	vowel_i	2	268718
1052.0703125	1.5	vowel_i	2	269330
1054.4609375	1.5	vowel_i	2	269942
1056.8515625	1.5	vowel_i	2	270554
1059.2421875	1.5	vowel_i	2	271166
1061.6328125	1.5	vowel_i	2	271778
1064.0234375	1.5	vowel_i	2	272390
1066.4140625	1.5	vowel_i	2	273002
1068.8046875	1.5	vowel_i	2	273614
1071.1953125	1.5	vowel_i	2	274226
1073.5859375	1.5	vowel_i	2	274838
1075.9765625	1.5	vowel_i	2	275450
1078.3671875	1.5	vowel_i	2	276062
1080.7578125	1.5	vowel_i	2	276674
1083.1484375	1.5	vowel_i	2	277286
1085.5390625	1.5	vowel_i	2	277898
1087.9296875	1.5	vowel_i	2	278510
1090.3203125	1.5	vowel_i	2	279122
1092.7109375	1.5	vowel_i	2	279734
1095.1015625	1.5	vowel_i	2	280346
1097.4921875	1.5	vowel_i	2	280958
1099.8828125	1.5	vowel_i	2	281570
1102.2734375	1.5	vowel_i	2	282182
1104.6640625	1.5	vowel_i	2	282794
1107.0546875	1.5	vowel_i	2	283406
1109.4453125	1.5	vowel_i	2	284018
1111.8359375	1.5	vowel_i	2	284630
1114.2265625	1.5	vowel_i	2	285242
1116.6171875	1.5	vowel_i	2	285854
1119.0078125	1.5	vowel_i	2	286466
1121.3984375	1.5	vowel_i	2	287078
1123.7890625	1.5	vowel_i	2	287690
1126.1796875	1.5	vowel_i	2	288302
1128.5703125	1.5	vowel_i	2	288914
1130.9609375	1.5	vowel_i	2	289526
1133.3515625	1.5	vowel_i	2	290138
1135.7421875	1.5	vowel_i	2	290750
1138.1328125	1.5	vowel_i	2	291362
1140.5234375	1.5	vowel_i	2	291974
1142.9140625	1.5	vowel_i	2	292586
1145.3046875	1.5	vowel_i	2	293198
1147.6953125	1.5	vowel_i	2	293810
1150.0859375	1.5	vowel_i	2	294422
1152.4765625	1.5	vowel_i	2	295034
1154.8671875	1.5	vowel_i	2	295646
1157.2578125	1.5	vowel_i	2	296258
1159.6484375	1.5	vowel_i	2	296870
1162.0390625	1.5	vowel_i	2	297482
1164.4296875	1.5	vowel_i	2	298094
1166.8203125	1.5	vowel_i	2	298706
1169.2109375	1.5	vowel_i	2	299318
1171.6015625	1.5	vowel_i	2	299930
1173.9921875	1.5	vowel_i	2	300542
1176.3828125	1.5	vowel_i	2	301154
1178.7734375	1.5	vowel_i	2	301766
1181.1640625	1.5	vowel_i	2	302378
1183.5546875	1.5	vowel_i	2	302990
1185.9453125	1.5	vowel_i	2	303602
1188.3359375	1.5	vowel_i	2	304214
1190.7265625	1.5	vowel_i	2	304826
1193.1171875	1.5	vowel_i	2	305438
1195.5078125	1.5	vowel_i	2	306050
1197.8984375	1.5	vowel_i	2	306662
1200.2890625	1.5	vowel_i	2	307274
1202.6796875	1.5	vowel_i	2	307886
1205.0703125	1.5	vowel_i	2	308498
1207.4609375	1.5	vowel_i	2	309110
1209.8515625	1.5	vowel_i	2	309722
1212.2421875	1.5	vowel_i	2	310334
1214.6328125	1.5	vowel_i	2	310946
1217.0234375	1.5	vowel_i	2	311558
1219.4140625	1.5	vowel_i	2	312170
1221.8046875	1.5	vowel_i	2	312782
1224.1953125	1.5	vowel_i	2	313394
1226.5859375	1.5	vowel_i	2	314006
1228.9765625	1.5	vowel_i	2	314618
1231.3671875	1.5	vowel_i	2	315230
1233.7578125	1.5	vowel_i	2	315842
1236.1484375	1.5	vowel_i	2	316454
1238.5390625	1.5	vowel_i	2	317066
1240.9296875	1.5	vowel_i	2	317678
1243.3203125	1.5	vowel_i	2	318290
1245.7109375	1.5	vowel_i	2	318902
1248.1015625	1.5	vowel_i	2	319514
1250.4921875	1.5	vowel_i	2	320126
1252.8828125	1.5	vowel_i	2	320738
1255.2734375	1.5	vowel_i	2	321350
1257.6640625	1.5	vowel_i	2	321962
1260.0546875	1.5	vowel_i	2	322574
1262.4453125	1.5	vowel_i	2	323186
1264.8359375	1.5	vowel_i	2	323798
1267.2265625	1.5	vowel_i	2	324410
1269.6171875	1.5	vowel_i	2	325022
1272.0078125	1.5	vowel_i	2	325634
1274.3984375	1.5	vowel_i	2	326246
1276.7890625	1.5	vowel_i	2	326858
1279.1796875	1.5	vowel_i	2	327470
1281.5703125	1.5	vowel_i	2	328082
1283.9609375	1.5	vowel_i	2	328694
1286.3515625	1.5	vowel_i	2	329306
1288.7421875	1.5	vowel_i	2	329918
1291.1328125	1.5	vowel_i	2	330530
1293.5234375	1.5	vowel_i	2	331142
1295.9140625	1.5	vowel_i	2	331754
1298.3046875	1.5	vowel_i	2	332366
1300.6953125	1.5	vowel_i	2	332978
1303.0859375	1.5	vowel_i	2	333590
1305.4765625	1.5	vowel_i	2	334202
1307.8671875	1.5	vowel_i	2	334814
1310.2578125	1.5	vowel_i	2	335426
1312.6484375	1.5	vowel_i	2	336038
1315.0390625	1.5	vowel_i	2	336650
1317.4296875	1.5	vowel_i	2	337262
1319.8203125	1.5	vowel_i	2	337874
1322.2109375	1.5	vowel_i	2	338486
1324.6015625	1.5	vowel_i	2	339098
1326.9921875	1.5	vowel_i	2	339710
1329.3828125	1.5	vowel_i	2	340322
1331.7734375	1.5	vowel_i	2	340934
1334.1640625	1.5	vowel_i	2	341546
1336.5546875	1.5	vowel_i	2	342158
1338.9453125	1.5	vowel_i	2	342770
1341.3359375	1.5	vowel_i	2	343382
1343.7265625	1.5	vowel_i	2	343994
1346.1171875	1.5	vowel_i	2	344606
1348.5078125	1.5	vowel_i	2	345218
1350.8984375	1.5	vowel_i	2	345830
1353.2890625	1.5	vowel_i	2	346442
1355.6796875	1.5	vowel_i	2	347054
1358.0703125	1.5	vowel_i	2	347666
1360.4609375	1.5	vowel_i	2	348278
1362.8515625	1.5	vowel_i	2	348890
1365.2421875	1.5	vowel_i	2	349502
1367.6328125	1.5	vowel_i	2	350114
1370.0234375	1.5	vowel_i	2	350726
1372.4140625	1.5	vowel_i	2	351338
1374.8046875	1.5	vowel_i	2	351950
1377.1953125	1.5	vowel_i	2	352562
1379.5859375	1.5	vowel_i	2	353174
1381.9765625	1.5	vowel_i	2	353786
1384.3671875	1.5	vowel_i	2	354398
1386.7578125	1.5	vowel_i	2	355010
1389.1484375	1.5	vowel_i	2	355622
1391.5390625	1.5	vowel_i	2	356234
1393.9296875	1.5	vowel_i	2	356846
1396.3203125	1.5	vowel_i	2	357458
1398.7109375	1.5	vowel_i	2	358070
1401.1015625	1.5	vowel_i	2	358682
1403.4921875	1.5	vowel_i	2	359294
1405.8828125	1.5	vowel_i	2	359906
1408.2734375	1.5	vowel_i	2	360518
1410.6640625	1.5	vowel_i	2	361130
1413.0546875	1.5	vowel_i	2	361742
1415.4453125	1.5	vowel_i	2	362354
1417.8359375	1.5	vowel_i	2	362966
1420.2265625	1.5	vowel_i	2	363578
1422.6171875	1.5	vowel_i	2	364190
1425.0078125	1.5	vowel_i	2	364802
1427.3984375	1.5	vowel_i	2	365414
1429.7890625	1.5	vowel_i	2	366026
1432.1796875	1.5	vowel_i	2	366638
1434.5703125	1.5	vowel_u	3	367250
1436.9609375	1.5	vowel_u	3	367862
1439.3515625	1.5	vowel_u	3	368474
1441.7421875	1.5	vowel_u	3	369086
1444.1328125	1.5	vowel_u	3	369698
1446.5234375	1.5	vowel_u	3	370310
1448.9140625	1.5	vowel_u	3	370922
1451.3046875	1.5	vowel_u	3	371534
1453.6953125	1.5	vowel_u	3	372146
1456.0859375	1.5	vowel_u	3	372758
1458.4765625	1.5	vowel_u	3	373370
1460.8671875	1.5	vowel_u	3	373982
1463.2578125	1.5	vowel_u	3	374594
1465.6484375	1.5	vowel_u	3	375206
1468.0390625	1.5	vowel_u	3	375818
1470.4296875	1.5	vowel_u	3	376430
1472.8203125	1.5	vowel_u	3	377042
1475.2109375	1.5	vowel_u	3	377654
1477.6015625	1.5	vowel_u	3	378266
1479.9921875	1.5	vowel_u	3	378878
1482.3828125	1.5	vowel_u	3	379490
1484.7734375	1.5	vowel_u	3	380102
1487.1640625	1.5	vowel_u	3	380714
1489.5546875	1.5	vowel_u	3	381326
1491.9453125	1.5	vowel_u	3	381938
1494.3359375	1.5	vowel_u	3	382550
1496.7265625	1.5	vowel_u	3	383162
1499.1171875	1.5	vowel_u	3	383774
1501.5078125	1.5	vowel_u	3	384386
1503.8984375	1.5	vowel_u	3	384998
1506.2890625	1.5	vowel_u	3	385610
1508.6796875	1.5	vowel_u	3	386222
1511.0703125	1.5	vowel_u	3	386834
1513.4609375	1.5	vowel_u	3	387446
1515.8515625	1.5	vowel_u	3	388058
1518.2421875	1.5	vowel_u	3	388670
1520.6328125	1.5	vowel_u	3	389282
1523.0234375	1.5	vowel_u	3	389894
1525.4140625	1.5	vowel_u	3	390506
1527.8046875	1.5	vowel_u	3	391118
1530.1953125	1.5	vowel_u	3	391730
1532.5859375	1.5	vowel_u	3	392342
1534.9765625	1.5	vowel_u	3	392954
1537.3671875	1.5	vowel_u	3	393566
1539.7578125	1.5	vowel_u	3	394178
1542.1484375	1.5	vowel_u	3	394790
1544.5390625	1.5	vowel_u	3	395402
1546.9296875	1.5	vowel_u	3	396014
1549.3203125	1.5	vowel_u	3	396626
1551.7109375	1.5	vowel_u	3	397238
1554.1015625	1.5	vowel_u	3	397850
1556.4921875	1.5	vowel_u	3	398462
1558.8828125	1.5	vowel_u	3	399074
1561.2734375	1.5	vowel_u	3	399686
1563.6640625	1.5	vowel_u	3	400298
1566.0546875	1.5	vowel_u	3	400910
1568.4453125	1.5	vowel_u	3	401522
1570.8359375	1.5	vowel_u	3	402134
1573.2265625	1.5	vowel_u	3	402746
1575.6171875	1.5	vowel_u	3	403358
1578.0078125	1.5	vowel_u	3	403970
1580.3984375	1.5	vowel_u	3	404582
1582.7890625	1.5	vowel_u	3	405194
1585.1796875	1.5	vowel_u	3	405806
1587.5703125	1.5	vowel_u	3	406418
1589.9609375	1.5	vowel_u	3	407030
1592.3515625	1.5	vowel_u	3	407642
1594.7421875	1.5	vowel_u	3	408254
1597.1328125	1.5	vowel_u	3	408866
1599.5234375	1.5	vowel_u	3	409478
1601.9140625	1.5	vowel_u	3	410090
1604.3046875	1.5	vowel_u	3	410702
1606.6953125	1.5	vowel_u	3	411314
1609.0859375	1.5	vowel_u	3	411926
1611.4765625	1.5	vowel_u	3	412538
1613.8671875	1.5	vowel_u	3	413150
1616.2578125	1.5	vowel_u	3	413762
1618.6484375	1.5	vowel_u	3	414374
1621.0390625	1.5	vowel_u	3	414986
1623.4296875	1.5	vowel_u	3	415598
1625.8203125	1.5	vowel_u	3	416210
1628.2109375	1.5	vowel_u	3	416822
1630.6015625	1.5	vowel_u	3	417434
1632.9921875	1.5	vowel_u	3	418046
1635.3828125	1.5	vowel_u	3	418658
1637.7734375	1.5	vowel_u	3	419270
1640.1640625	1.5	vowel_u	3	419882
1642.5546875	1.5	vowel_u	3	420494
1644.9453125	1.5	vowel_u	3	421106
1647.3359375	1.5	vowel_u	3	421718
1649.7265625	1.5	vowel_u	3	422330
1652.1171875	1.5	vowel_u	3	422942
1654.5078125	1.5	vowel_u	3	423554
1656.8984375	1.5	vowel_u	3	424166
1659.2890625	1.5	vowel_u	3	424778
1661.6796875	1.5	vowel_u	3	425390
1664.0703125	1.5	vowel_u	3	426002
1666.4609375	1.5	vowel_u	3	426614
1668.8515625	1.5	vowel_u	3	427226
1671.2421875	1.5	vowel_u	3	427838
1673.6328125	1.5	vowel_u	3	428450
1676.0234375	1.5	vowel_u	3	429062
1678.4140625	1.5	vowel_u	3	429674
1680.8046875	1.5	vowel_u	3	430286
1683.1953125	1.5	vowel_u	3	430898
1685.5859375	1.5	vowel_u	3	431510
1687.9765625	1.5	vowel_u	3	432122
1690.3671875	1.5	vowel_u	3	432734
1692.7578125	1.5	vowel_u	3	433346
1695.1484375	1.5	vowel_u	3	433958
1697.5390625	1.5	vowel_u	3	434570
1699.9296875	1.5	vowel_u	3	435182
1702.3203125	1.5	vowel_u	3	435794
1704.7109375	1.5	vowel_u	3	436406
1707.1015625	1.5	vowel_u	3	437018
1709.4921875	1.5	vowel_u	3	437630
1711.8828125	1.5	vowel_u	3	438242
1714.2734375	1.5	vowel_u	3	438854
1716.6640625	1.5	vowel_u	3	439466
1719.0546875	1.5	vowel_u	3	440078
1721.4453125	1.5	vowel_u	3	440690
1723.8359375	1.5	vowel_u	3	441302
1726.2265625	1.5	vowel_u	3	441914
1728.6171875	1.5	vowel_u	3	442526
1731.0078125	1.5	vowel_u	3	443138
1733.3984375	1.5	vowel_u	3	443750
1735.7890625	1.5	vowel_u	3	444362
1738.1796875	1.5	vowel_u	3	444974
1740.5703125	1.5	vowel_u	3	445586
1742.9609375	1.5	vowel_u	3	446198
1745.3515625	1.5	vowel_u	3	446810
1747.7421875	1.5	vowel_u	3	447422
1750.1328125	1.5	vowel_u	3	448034
1752.5234375	1.5	vowel_u	3	448646
1754.9140625	1.5	vowel_u	3	449258
1757.3046875	1.5	vowel_u	3	449870
1759.6953125	1.5	vowel_u	3	450482
1762.0859375	1.5	vowel_u	3	451094
1764.4765625	1.5	vowel_u	3	451706
1766.8671875	1.5	vowel_u	3	452318
1769.2578125	1.5	vowel_u	3	452930
1771.6484375	1.5	vowel_u	3	453542
1774.0390625	1.5	vowel_u	3	454154
1776.4296875	1.5	vowel_u	3	454766
1778.8203125	1.5	vowel_u	3	455378
1781.2109375	1.5	vowel_u	3	455990
1783.6015625	1.5	vowel_u	3	456602
1785.9921875	1.5	vowel_u	3	457214
1788.3828125	1.5	vowel_u	3	457826
1790.7734375	1.5	vowel_u	3	458438
1793.1640625	1.5	vowel_u	3	459050
1795.5546875	1.5	vowel_u	3	459662
1797.9453125	1.5	vowel_u	3	460274
1800.3359375	1.5	vowel_u	3	460886
1802.7265625	1.5	vowel_u	3	461498
1805.1171875	1.5	vowel_u	3	462110
1807.5078125	1.5	vowel_u	3	462722
1809.8984375	1.5	vowel_u	3	463334
1812.2890625	1.5	vowel_u	3	463946
1814.6796875	1.5	vowel_u	3	464558
1817.0703125	1.5	vowel_u	3	465170
1819.4609375	1.5	vowel_u	3	465782
1821.8515625	1.5	vowel_u	3	466394
1824.2421875	1.5	vowel_u	3	467006
1826.6328125	1.5	vowel_u	3	467618
1829.0234375	1.5	vowel_u	3	468230
1831.4140625	1.5	vowel_u	3	468842
1833.8046875	1.5	vowel_u	3	469454
1836.1953125	1.5	vowel_u	3	470066
1838.5859375	1.5	vowel_u	3	470678
1840.9765625	1.5	vowel_u	3	471290
1843.3671875	1.5	vowel_u	3	471902
1845.7578125	1.5	vowel_u	3	472514
1848.1484375	1.5	vowel_u	3	473126
1850.5390625	1.5	vowel_u	3	473738
1852.9296875	1.5	vowel_u	3	474350
1855.3203125	1.5	vowel_u	3	474962
1857.7109375	1.5	vowel_u	3	475574
1860.1015625	1.5	vowel_u	3	476186
1862.4921875	1.5	vowel_u	3	476798
1864.8828125	1.5	vowel_u	3	477410
1867.2734375	1.5	vowel_u	3	478022
1869.6640625	1.5	vowel_u	3	478634
1872.0546875	1.5	vowel_u	3	479246
1874.4453125	1.5	vowel_u	3	479858
1876.8359375	1.5	vowel_u	3	480470
1879.2265625	1.5	vowel_u	3	481082
1881.6171875	1.5	vowel_u	3	481694
1884.0078125	1.5	vowel_u	3	482306
1886.3984375	1.5	vowel_u	3	482918
1888.7890625	1.5	vowel_u	3	483530
1891.1796875	1.5	vowel_u	3	484142
1893.5703125	1.5	vowel_u	3	484754
1895.9609375	1.5	vowel_u	3	485366
1898.3515625	1.5	vowel_u	3	485978
1900.7421875	1.5	vowel_u	3	486590
1903.1328125	1.5	vowel_u	3	487202
1905.5234375	1.5	vowel_u	3	487814
1907.9140625	1.5	vowel_u	3	488426
1910.3046875	1.5	vowel_u	3	489038
1912.6953125	1.5	vowel_u	3	489650
1915.0859375	1.5	vowel_u	3	490262
1917.4765625	1.5	vowel_u	3	490874
1919.8671875	1.5	vowel_u	3	491486
1922.2578125	1.5	vowel_u	3	492098
1924.6484375	1.5	vowel_u	3	492710
1927.0390625	1.5	vowel_u	3	493322
1929.4296875	1.5	vowel_u	3	493934
1931.8203125	1.5	vowel_u	3	494546
1934.2109375	1.5	vowel_u	3	495158
1936.6015625	1.5	vowel_u	3	495770
1938.9921875	1.5	vowel_u	3	496382
1941.3828125	1.5	vowel_u	3	496994
1943.7734375	1.5	vowel_u	3	497606
1946.1640625	1.5	vowel_u	3	498218
1948.5546875	1.5	vowel_u	3	498830
1950.9453125	1.5	vowel_u	3	499442
1953.3359375	1.5	vowel_u	3	500054
1955.7265625	1.5	vowel_u	3	500666
1958.1171875	1.5	vowel_u	3	501278
1960.5078125	1.5	vowel_u	3	501890
1962.8984375	1.5	vowel_u	3	502502
1965.2890625	1.5	vowel_u	3	503114
1967.6796875	1.5	vowel_u	3	503726
1970.0703125	1.5	vowel_u	3	504338
1972.4609375	1.5	vowel_u	3	504950
1974.8515625	1.5	vowel_u	3	505562
1977.2421875	1.5	vowel_u	3	506174
1979.6328125	1.5	vowel_u	3	506786
1982.0234375	1.5	vowel_u	3	507398
1984.4140625	1.5	vowel_u	3	508010
1986.8046875	1.5	vowel_u	3	508622
1989.1953125	1.5	vowel_u	3	509234
1991.5859375	1.5	vowel_u	3	509846
1993.9765625	1.5	vowel_u	3	510458
1996.3671875	1.5	vowel_u	3	511070
1998.7578125	1.5	vowel_u	3	511682
2001.1484375	1.5	vowel_u	3	512294
2003.5390625	1.5	vowel_u	3	512906
2005.9296875	1.5	vowel_u	3	513518
2008.3203125	1.5	vowel_u	3	514130
2010.7109375	1.5	vowel_u	3	514742
2013.1015625	1.5	vowel_u	3	515354
2015.4921875	1.5	vowel_u	3	515966
2017.8828125	1.5	vowel_u	3	516578
2020.2734375	1.5	vowel_u	3	517190
2022.6640625	1.5	vowel_u	3	517802
2025.0546875	1.5	vowel_u	3	518414
2027.4453125	1.5	vowel_u	3	519026
2029.8359375	1.5	vowel_u	3	519638
2032.2265625	1.5	vowel_u	3	520250
2034.6171875	1.5	vowel_u	3	520862
2037.0078125	1.5	vowel_u	3	521474
2039.3984375	1.5	vowel_u	3	522086
2041.7890625	1.5	vowel_u	3	522698
2044.1796875	1.5	vowel_u	3	523310
2046.5703125	1.5	vowel_u	3	523922
2048.9609375	1.5	vowel_u	3	524534
2051.3515625	1.5	vowel_u	3	525146
2053.7421875	1.5	vowel_u	3	525758
2056.1328125	1.5	vowel_u	3	526370
2058.5234375	1.5	vowel_u	3	526982
2060.9140625	1.5	vowel_u	3	527594
2063.3046875	1.5	vowel_u	3	528206
2065.6953125	1.5	vowel_u	3	528818
2068.0859375	1.5	vowel_u	3	529430
2070.4765625	1.5	vowel_u	3	530042
2072.8671875	1.5	vowel_u	3	530654
2075.2578125	1.5	vowel_u	3	531266
2077.6484375	1.5	vowel_u	3	531878
2080.0390625	1.5	vowel_u	3	532490
2082.4296875	1.5	vowel_u	3	533102
2084.8203125	1.5	vowel_u	3	533714
2087.2109375	1.5	vowel_u	3	534326
2089.6015625	1.5	vowel_u	3	534938
2091.9921875	1.5	vowel_u	3	535550
2094.3828125	1.5	vowel_u	3	536162
2096.7734375	1.5	vowel_u	3	536774
2099.1640625	1.5	vowel_u	3	537386
2101.5546875	1.5	vowel_u	3	537998
2103.9453125	1.5	vowel_u	3	538610
2106.3359375	1.5	vowel_u	3	539222
2108.7265625	1.5	vowel_u	3	539834
2111.1171875	1.5	vowel_u	3	540446
2113.5078125	1.5	vowel_u	3	541058
2115.8984375	1.5	vowel_u	3	541670
2118.2890625	1.5	vowel_u	3	542282
2120.6796875	1.5	vowel_u	3	542894
2123.0703125	1.5	vowel_u	3	543506
2125.4609375	1.5	vowel_u	3	544118
2127.8515625	1.5	vowel_u	3	544730
2130.2421875	1.5	vowel_u	3	545342
2132.6328125	1.5	vowel_u	3	545954
2135.0234375	1.5	vowel_u	3	546566
2137.4140625	1.5	vowel_u	3	547178
2139.8046875	1.5	vowel_u	3	547790
2142.1953125	1.5	vowel_u	3	548402
2144.5859375	1.5	vowel_u	3	549014
2146.9765625	1.5	vowel_u	3	549626
2149.3671875	1.5	vowel_u	3	550238
